iter,err_val,err_loo
100,0.0163431033419424,0.0100027707675297
200,0.00636593484493156,0.00403565853474557
400,0.00215685301267123,0.00102754297972755
1000,0.000726535822507216,0.000300130968103391
2000,0.000328616195395936,0.000157597843144576
