iter,err_val,err_loo
100,0.0410231175664716,0.0185035113234976
200,0.0114565777778799,0.00708116164943776
400,0.00355119759370434,0.00129648246627012
1000,0.000708700412108146,0.000229307134551396
