iter,err_val,err_loo
100,0.0163431033419424,0.0100027707675297
200,0.00636593484493156,0.00403565853474557
300,0.00387802576641213,0.00127803014783657
500,0.00140150605499707,0.000690001532834242
1000,0.000726535822507216,0.000300130968103391
2000,0.000328616195395936,0.000157597843144576
4000,0.000133148443523381,8.01705436067076e-05
8000,4.87476090316326e-05,4.15604332782258e-05
