iter,err_var_1,err_var_2,err_var_3,err_loo_1,err_loo_2,err_loo_3
100,0.165885358944341,0.0136071578693667,0.17518733935844,0.211694201555539,0.0137037881549237,12.6575622171253
200,0.148587973190584,0.00695915149936683,0.00814757895062004,0.152174557257331,0.00469471018882497,0.00519405456909708
300,0.13878845911693,0.00577793483521555,0.00627241339718552,0.142625555426452,0.00363594282019798,0.00434813898285065
500,0.137075701351401,0.00508016899079985,0.00490802719948851,0.135014490228049,0.0033775340624728,0.00354074473593765
1000,0.132858552316977,0.00461665356861764,0.00439661094220573,0.132185175853324,0.00353000962770409,0.00366896747609954
2000,0.130672230352842,0.00449268459550178,0.00425652938452916,0.132732413582837,0.00361542706247061,0.00358468686565162
4000,0.130301632065628,0.00442247024251719,0.00421604308960203,0.129866113929237,0.00384547475498194,0.00372549027556214
8000,0.130395827644184,0.00438401425627507,0.00414467440249209,0.129140772747576,0.00408545360548295,0.00389378053682405
